network,pairs,fully separate backups,fully separate %,pairs where a separate pair existed but was missed,median stretch,mean stretch,max stretch,mean primary hops,mean backup hops
Nigeria-20,190,188,98.95,2,1.523,1.792,7.395,2.98,4.34
BA-50 (seed 42),1225,1225,100.0,0,1.647,1.968,15.0,2.89,3.87
BA-50 seed 1,1225,1225,100.0,0,1.6,2.075,18.0,3.14,4.24
BA-50 seed 2,1225,1176,96.0,0,1.562,1.864,22.0,3.28,4.11
BA-50 seed 3,1225,1225,100.0,0,1.643,1.959,21.0,3.35,4.05
BA-50 seed 4,1225,1176,96.0,0,1.556,1.818,21.0,3.31,3.94
BA-50 seed 5,1225,1225,100.0,0,1.529,1.827,18.0,3.18,4.1
BA-50 seed 6,1225,1225,100.0,0,1.692,1.974,26.0,3.59,4.38
BA-50 seed 7,1225,1225,100.0,0,1.6,1.962,21.0,3.28,4.36
BA-50 seed 8,1225,1225,100.0,0,1.533,1.86,16.0,3.03,3.96
BA-50 seed 9,1225,1225,100.0,0,1.556,1.964,16.0,3.16,4.26
BA-50 seed 10,1225,1225,100.0,0,1.5,1.879,22.0,3.33,4.25
