network,link,affected,protected
Nigeria-20,Lagos - Ibadan,4,4
Nigeria-20,Lagos - Benin City,15,15
Nigeria-20,Ibadan - Ilorin,19,19
Nigeria-20,Ibadan - Benin City,12,12
Nigeria-20,Ilorin - Minna,22,21
Nigeria-20,Ilorin - Lokoja,2,2
Nigeria-20,Benin City - Lokoja,22,22
Nigeria-20,Benin City - Enugu,11,11
Nigeria-20,Benin City - Port Harcourt,15,15
Nigeria-20,Lokoja - Abuja,27,27
Nigeria-20,Abuja - Minna,40,40
Nigeria-20,Abuja - Kaduna,36,36
Nigeria-20,Abuja - Jos,26,26
Nigeria-20,Abuja - Makurdi,32,32
Nigeria-20,Minna - Sokoto,13,13
Nigeria-20,Kaduna - Kano,27,27
Nigeria-20,Kaduna - Jos,4,4
Nigeria-20,Kano - Katsina,23,22
Nigeria-20,Kano - Bauchi,11,11
Nigeria-20,Katsina - Sokoto,6,6
Nigeria-20,Jos - Bauchi,36,36
Nigeria-20,Jos - Makurdi,15,15
Nigeria-20,Bauchi - Maiduguri,18,18
Nigeria-20,Bauchi - Yola,10,10
Nigeria-20,Maiduguri - Yola,1,1
Nigeria-20,Yola - Makurdi,8,8
Nigeria-20,Makurdi - Enugu,50,50
Nigeria-20,Enugu - Owerri,24,24
Nigeria-20,Enugu - Calabar,12,12
Nigeria-20,Owerri - Port Harcourt,19,19
Nigeria-20,Port Harcourt - Calabar,7,7
BA-50,0 - 1,254,254
BA-50,0 - 2,125,125
BA-50,0 - 3,45,45
BA-50,0 - 5,184,184
BA-50,0 - 7,0,0
BA-50,0 - 9,46,46
BA-50,0 - 10,45,45
BA-50,0 - 11,38,38
BA-50,0 - 13,82,82
BA-50,0 - 14,26,26
BA-50,0 - 17,55,55
BA-50,0 - 18,49,49
BA-50,0 - 19,116,116
BA-50,0 - 20,45,45
BA-50,0 - 22,64,64
BA-50,0 - 23,49,49
BA-50,0 - 25,0,0
BA-50,0 - 28,0,0
BA-50,0 - 32,49,49
BA-50,0 - 36,38,38
BA-50,0 - 38,47,47
BA-50,0 - 44,22,22
BA-50,0 - 45,0,0
BA-50,0 - 47,70,70
BA-50,1 - 3,0,0
BA-50,1 - 4,0,0
BA-50,1 - 6,42,42
BA-50,1 - 7,49,49
BA-50,1 - 8,122,122
BA-50,1 - 15,19,19
BA-50,1 - 17,37,37
BA-50,1 - 21,43,43
BA-50,1 - 27,57,57
BA-50,1 - 28,49,49
BA-50,1 - 43,51,51
BA-50,1 - 45,49,49
BA-50,1 - 49,43,43
BA-50,2 - 4,0,0
BA-50,2 - 16,72,72
BA-50,2 - 41,46,46
BA-50,3 - 8,4,4
BA-50,4 - 5,0,0
BA-50,4 - 6,27,27
BA-50,4 - 12,81,81
BA-50,4 - 13,0,0
BA-50,4 - 15,5,5
BA-50,4 - 16,46,46
BA-50,4 - 18,0,0
BA-50,4 - 19,89,89
BA-50,4 - 23,0,0
BA-50,4 - 30,28,28
BA-50,4 - 36,11,11
BA-50,4 - 40,10,10
BA-50,5 - 11,11,11
BA-50,5 - 12,27,27
BA-50,5 - 22,15,15
BA-50,5 - 24,81,81
BA-50,5 - 30,21,21
BA-50,5 - 33,64,64
BA-50,5 - 34,57,57
BA-50,5 - 39,70,70
BA-50,5 - 42,17,17
BA-50,6 - 9,3,3
BA-50,6 - 29,15,15
BA-50,6 - 31,21,21
BA-50,6 - 37,5,5
BA-50,8 - 10,4,4
BA-50,8 - 14,23,23
BA-50,8 - 20,4,4
BA-50,8 - 26,76,76
BA-50,10 - 32,0,0
BA-50,12 - 37,45,45
BA-50,13 - 26,4,4
BA-50,13 - 40,39,39
BA-50,15 - 46,2,2
BA-50,15 - 47,25,25
BA-50,16 - 21,59,59
BA-50,16 - 33,15,15
BA-50,16 - 43,11,11
BA-50,16 - 49,6,6
BA-50,17 - 38,2,2
BA-50,17 - 46,47,47
BA-50,19 - 24,2,2
BA-50,21 - 25,69,69
BA-50,21 - 34,16,16
BA-50,22 - 42,32,32
BA-50,24 - 27,17,17
BA-50,24 - 35,27,27
BA-50,25 - 35,22,22
BA-50,26 - 29,43,43
BA-50,27 - 44,27,27
BA-50,29 - 31,5,5
BA-50,31 - 39,27,27
BA-50,33 - 48,34,34
BA-50,37 - 41,3,3
BA-50,43 - 48,17,17
