network,k,method,mean %,95% CI half-width
Nigeria-20,1,single,90.1,0.28
Nigeria-20,1,redundant,99.96,0.01
Nigeria-20,1,reachable,100.0,0.0
Nigeria-20,2,single,81.55,0.35
Nigeria-20,2,redundant,96.79,0.18
Nigeria-20,2,reachable,99.82,0.06
Nigeria-20,3,single,73.68,0.37
Nigeria-20,3,redundant,91.95,0.27
Nigeria-20,3,reachable,99.39,0.14
Nigeria-20,4,single,66.61,0.38
Nigeria-20,4,redundant,85.84,0.33
Nigeria-20,4,reachable,98.72,0.19
Nigeria-20,5,single,59.96,0.39
Nigeria-20,5,redundant,79.29,0.37
Nigeria-20,5,reachable,97.3,0.28
Nigeria-20,6,single,53.31,0.37
Nigeria-20,6,redundant,71.81,0.4
Nigeria-20,6,reachable,95.34,0.38
BA-50,1,single,96.9,0.15
BA-50,1,redundant,100.0,0.0
BA-50,1,reachable,100.0,0.0
BA-50,2,single,94.14,0.18
BA-50,2,redundant,99.75,0.03
BA-50,2,reachable,99.97,0.02
BA-50,3,single,91.13,0.22
BA-50,3,redundant,99.29,0.05
BA-50,3,reachable,99.94,0.02
BA-50,4,single,88.53,0.26
BA-50,4,redundant,98.6,0.07
BA-50,4,reachable,99.87,0.03
BA-50,5,single,85.49,0.28
BA-50,5,redundant,97.67,0.1
BA-50,5,reachable,99.78,0.04
BA-50,6,single,82.86,0.3
BA-50,6,redundant,96.56,0.12
BA-50,6,reachable,99.6,0.05
