network,link,affected,restoration_ms,protection_ms
Nigeria-20,Lagos - Ibadan,4,0.11294799992356275,0.0007520000053773401
Nigeria-20,Lagos - Benin City,15,0.5140190000929579,0.002278000010846881
Nigeria-20,Ibadan - Ilorin,19,0.6613670000206184,0.0027179999051440973
Nigeria-20,Ibadan - Benin City,12,0.3588080001009075,0.0018840000848285854
Nigeria-20,Ilorin - Minna,22,0.7370800001353928,0.003101000174865476
Nigeria-20,Ilorin - Lokoja,2,0.03271900004619965,0.0005049998890171992
Nigeria-20,Benin City - Lokoja,22,0.8088270001280762,0.003299999889350147
Nigeria-20,Benin City - Enugu,11,0.37067900007059507,0.0017840000055002747
Nigeria-20,Benin City - Port Harcourt,15,0.4124380000121164,0.002195999968535034
Nigeria-20,Lokoja - Abuja,27,1.0759770000277058,0.004077000085089821
Nigeria-20,Abuja - Minna,40,1.5418699999827368,0.006073999884392833
Nigeria-20,Abuja - Kaduna,36,1.2206300000343617,0.005461999990075128
Nigeria-20,Abuja - Jos,26,0.9463240000968653,0.003817000106209889
Nigeria-20,Abuja - Makurdi,32,1.2266720000297937,0.00460599994767108
Nigeria-20,Minna - Sokoto,13,0.5713639998248254,0.001990000100704492
Nigeria-20,Kaduna - Kano,27,0.9920180000335677,0.004003999947599368
Nigeria-20,Kaduna - Jos,4,0.12677099994107266,0.0007440000899805455
Nigeria-20,Kano - Katsina,23,0.8936189999531052,0.0032919999739533523
Nigeria-20,Kano - Bauchi,11,0.37003600004936743,0.0017529998785903445
Nigeria-20,Katsina - Sokoto,6,0.26945299987346516,0.0010320000001229346
Nigeria-20,Jos - Bauchi,36,1.2465840000004391,0.005330000021785963
Nigeria-20,Jos - Makurdi,15,0.5029240001022117,0.0022060000901547028
Nigeria-20,Bauchi - Maiduguri,18,0.6641019999733544,0.002558999995017075
Nigeria-20,Bauchi - Yola,10,0.40669200006959727,0.0015579998944303952
Nigeria-20,Maiduguri - Yola,1,0.016330999869751395,0.00036999995245423634
Nigeria-20,Yola - Makurdi,8,0.30425999989347474,0.0012779998996848008
Nigeria-20,Makurdi - Enugu,50,1.8869600000925857,0.007615999948029639
Nigeria-20,Enugu - Owerri,24,0.9253389998775674,0.0034889999369625
Nigeria-20,Enugu - Calabar,12,0.3834520000509656,0.0018010000530921388
Nigeria-20,Owerri - Port Harcourt,19,0.6263699999635719,0.0027400001272326335
Nigeria-20,Port Harcourt - Calabar,7,0.1463359999434033,0.0011869999525515595
BA-50,0 - 1,254,25.163467000083983,0.04158399997322704
BA-50,0 - 2,125,13.275750000047992,0.020291000055294717
BA-50,0 - 3,45,4.836386999841125,0.007227999958558939
BA-50,0 - 5,184,20.311940000055984,0.030940999977246975
BA-50,0 - 9,46,5.838575999860041,0.0075489999744604575
BA-50,0 - 10,45,3.761830000030386,0.0068760000431211665
BA-50,0 - 11,38,3.5563960000217776,0.005492000127560459
BA-50,0 - 13,82,8.086335999905714,0.013228999932834995
BA-50,0 - 14,26,2.4619420000817627,0.0038129999211378163
BA-50,0 - 17,55,5.93851700000414,0.00904900002751674
BA-50,0 - 18,49,4.43789799987826,0.007310000000870787
BA-50,0 - 19,116,11.528229000077772,0.01875900011327758
BA-50,0 - 20,45,4.3055269998149015,0.0067690000378206605
BA-50,0 - 22,64,6.321347000039168,0.010292000069966889
BA-50,0 - 23,49,4.865541999834022,0.00758399983169511
BA-50,0 - 32,49,4.829239999935453,0.008177999916370027
BA-50,0 - 36,38,4.284679999955188,0.0060969998685322935
BA-50,0 - 38,47,5.228154999940671,0.008211000022129156
BA-50,0 - 44,22,2.5775219999104593,0.0033519997941766633
BA-50,0 - 47,70,7.768253999984154,0.011507999943205505
BA-50,1 - 6,42,4.6692089999851305,0.006823999910920975
BA-50,1 - 7,49,3.9573740000378166,0.008123000043269712
BA-50,1 - 8,122,12.56846499995845,0.020121000034123426
BA-50,1 - 15,19,1.8938220000563888,0.0028199999633216066
BA-50,1 - 17,37,4.045979000011357,0.005912000005992013
BA-50,1 - 21,43,4.612911999856806,0.00694000004841655
BA-50,1 - 27,57,6.240291000040088,0.009447999900658033
BA-50,1 - 28,49,5.033047000097213,0.008028999900488998
BA-50,1 - 43,51,5.919263999885516,0.008877000027496251
BA-50,1 - 45,49,5.090675000019473,0.00855999996929313
BA-50,1 - 49,43,4.496274000075573,0.007277000122485333
BA-50,2 - 16,72,7.1909850000793085,0.01169500001196866
BA-50,2 - 41,46,5.398321000029682,0.007566000022052322
BA-50,3 - 8,4,0.39089799997782393,0.000726000052964082
BA-50,4 - 6,27,3.007690000004004,0.004199999921183917
BA-50,4 - 12,81,8.104252999828532,0.0136090000069089
BA-50,4 - 15,5,0.4652110001188703,0.0008740000794205116
BA-50,4 - 16,46,4.595391000066229,0.00726499979464279
BA-50,4 - 19,89,8.940944999949352,0.014592000070479116
BA-50,4 - 30,28,2.961449000167704,0.0045259998842084315
BA-50,4 - 36,11,1.2241350000294915,0.0017889999526232714
BA-50,4 - 40,10,1.0588069999357685,0.001604000090082991
BA-50,5 - 11,11,1.056679999919652,0.0017380000372213544
BA-50,5 - 12,27,2.6869400001032773,0.0043500001538632205
BA-50,5 - 22,15,1.1130670000056853,0.0022110000372776994
BA-50,5 - 24,81,8.321671999965474,0.013630000012199162
BA-50,5 - 30,21,2.0548719999169407,0.003206999963367707
BA-50,5 - 33,64,7.385964999912176,0.010293000059391488
BA-50,5 - 34,57,5.922378000150275,0.00950599996940582
BA-50,5 - 39,70,7.986718999973164,0.011788999927375698
BA-50,5 - 42,17,1.0800669999753154,0.0026640000214683823
BA-50,6 - 9,3,0.2635759999520815,0.0006600000688194996
BA-50,6 - 29,15,1.5508999999838124,0.002392999931544182
BA-50,6 - 31,21,2.3030720001315785,0.00353599989466602
BA-50,6 - 37,5,0.45527099996434117,0.0010280000424245372
BA-50,8 - 10,4,0.43320400004631665,0.0007370001640083501
BA-50,8 - 14,23,2.2304149999854417,0.0033940000321308617
BA-50,8 - 20,4,0.3611340000588825,0.0007910000476840651
BA-50,8 - 26,76,8.507982000082848,0.012599000001500826
BA-50,12 - 37,45,5.043194000108997,0.007324000080188853
BA-50,13 - 26,4,0.455976000012015,0.0007609999101987341
BA-50,13 - 40,39,4.471875000035652,0.006856000027255504
BA-50,15 - 46,2,0.21604900007332617,0.0005069998678663978
BA-50,15 - 47,25,2.4797340001896373,0.0038769999264332
BA-50,16 - 21,59,6.522660999962682,0.009362000128021464
BA-50,16 - 33,15,1.750956000023507,0.0023529998998128576
BA-50,16 - 43,11,1.256946000012249,0.0018399998680251883
BA-50,16 - 49,6,0.5735509998885391,0.0011409999842726393
BA-50,17 - 38,2,0.2116109999406035,0.00046099989958747756
BA-50,17 - 46,47,5.629182999882687,0.007125000138330506
BA-50,19 - 24,2,0.19995599996036617,0.00047399998948094435
BA-50,21 - 25,69,7.3488860000452405,0.011171000096510397
BA-50,21 - 34,16,1.7705709999518149,0.0024480000320181716
BA-50,22 - 42,32,3.0908599999293074,0.005176000058781938
BA-50,24 - 27,17,1.8758799999432085,0.0026789998628373723
BA-50,24 - 35,27,3.00853199996709,0.004496999963521375
BA-50,25 - 35,22,2.4747309998929268,0.00354400003743649
BA-50,26 - 29,43,4.486186999884012,0.00715700002729136
BA-50,27 - 44,27,2.980121000064173,0.004473999979381915
BA-50,29 - 31,5,0.5335570001534506,0.0009150001005764352
BA-50,31 - 39,27,3.1528429999525542,0.004548000106296968
BA-50,33 - 48,34,4.295347999914156,0.005730000111725531
BA-50,37 - 41,3,0.3180559999691468,0.0005999997938488377
BA-50,43 - 48,17,1.99221499997293,0.002835000032064272
