run,restoration_total_ms,unavoidable_lost,single_fast_switches,single_reruns,single_sent,single_lost,single_pdr,single_avoidable_lost,single_interruptions,redundant_fast_switches,redundant_reruns,redundant_sent,redundant_lost,redundant_pdr,redundant_avoidable_lost,redundant_interruptions
1,100.6,0,0,469,2850000,2345,99.91771929824561,2345,469,267,198,2850000,1665,99.94157894736843,1665,465
2,100.6,0,0,311,2850000,1565,99.94508771929824,1565,311,229,89,2850000,987,99.96536842105263,987,318
3,100.6,5548,0,331,2850000,7146,99.74926315789473,1598,331,275,57,2850000,6490,99.77228070175438,942,332
4,100.6,3173,0,339,2850000,4792,99.8318596491228,1619,339,214,128,2850000,4287,99.84957894736841,1114,342
5,100.6,0,0,339,2850000,1695,99.94052631578947,1695,339,250,95,2850000,1129,99.96038596491228,1129,345
6,100.6,0,0,365,2850000,1825,99.9359649122807,1825,365,228,154,2850000,1356,99.95242105263158,1356,382
7,100.6,0,0,412,2850000,2079,99.92705263157895,2079,412,271,146,2850000,1416,99.95031578947368,1416,417
8,100.6,0,0,346,2850000,1763,99.93814035087719,1763,346,249,113,2850000,1220,99.95719298245614,1220,362
9,100.6,4769,0,313,2850000,6289,99.77933333333333,1520,313,247,78,2850000,5647,99.8018596491228,878,325
10,100.6,0,0,331,2850000,1655,99.9419298245614,1655,331,273,72,2850000,945,99.96684210526315,945,345
11,100.6,0,0,451,2850000,2255,99.92087719298246,2255,451,310,131,2850000,1458,99.94884210526315,1458,441
12,100.6,0,0,460,2850000,2300,99.91929824561403,2300,460,275,168,2850000,1541,99.9459298245614,1541,443
13,100.6,16305,0,395,2850000,18089,99.36529824561404,1784,395,227,157,2850000,17440,99.3880701754386,1135,384
14,100.6,0,0,334,2850000,1696,99.94049122807017,1696,334,274,74,2850000,1122,99.96063157894737,1122,348
15,100.6,0,0,368,2850000,1837,99.93554385964913,1837,368,254,125,2850000,1226,99.95698245614035,1226,379
16,100.6,0,0,462,2850000,2310,99.91894736842106,2310,462,306,145,2850000,1534,99.9461754385965,1534,451
17,100.6,0,0,366,2850000,1830,99.93578947368421,1830,366,288,77,2850000,1124,99.96056140350878,1124,365
18,100.6,0,0,308,2850000,1551,99.94557894736842,1551,308,209,116,2850000,1074,99.96231578947368,1074,325
19,100.6,13760,0,510,2850000,16199,99.43161403508772,2439,510,301,189,2850000,15340,99.46175438596491,1580,490
20,100.6,9671,0,404,2850000,11634,99.59178947368422,1963,404,289,113,2850000,10976,99.61487719298246,1305,402
21,100.6,3401,0,501,2850000,5905,99.79280701754386,2504,501,271,232,2850000,5208,99.81726315789474,1807,503
22,100.6,6365,0,346,2850000,8057,99.71729824561403,1692,346,241,103,2850000,7445,99.73877192982457,1080,344
23,100.6,0,0,391,2850000,1967,99.93098245614036,1967,391,329,56,2850000,1120,99.96070175438597,1120,385
24,100.6,0,0,355,2850000,1795,99.93701754385965,1795,355,254,81,2850000,1056,99.96294736842106,1056,335
25,100.6,22243,0,458,2850000,24368,99.14498245614035,2125,458,327,130,2850000,23599,99.1719649122807,1356,457
26,100.6,0,0,479,2850000,2431,99.91470175438596,2431,479,303,198,2850000,1697,99.94045614035088,1697,501
27,100.6,12236,0,444,2850000,14438,99.49340350877193,2202,444,314,136,2850000,13659,99.52073684210526,1423,450
28,100.6,10659,0,305,2850000,12146,99.57382456140351,1487,305,222,88,2850000,11660,99.59087719298246,1001,310
29,100.6,3819,0,291,2850000,5238,99.81621052631579,1419,291,185,91,2850000,4689,99.83547368421053,870,276
30,100.6,0,0,241,2850000,1228,99.95691228070176,1228,241,175,76,2850000,836,99.97066666666667,836,251
