link,distance_km
Owerri - Port Harcourt,74.3
Abuja - Minna,110.0
Lagos - Ibadan,113.8
Jos - Bauchi,117.6
Enugu - Owerri,122.3
Ibadan - Ilorin,140.7
Port Harcourt - Calabar,144.2
Kano - Katsina,153.8
Abuja - Kaduna,159.5
Lokoja - Abuja,159.6
Kaduna - Jos,171.8
Makurdi - Enugu,179.1
Abuja - Jos,184.2
Enugu - Calabar,186.8
Abuja - Makurdi,195.2
Benin City - Lokoja,205.3
Kaduna - Kano,209.5
Benin City - Enugu,215.0
Ibadan - Benin City,216.6
Kano - Bauchi,231.9
Benin City - Port Harcourt,232.7
Jos - Makurdi,243.3
Lagos - Benin City,246.7
Ilorin - Lokoja,253.1
Ilorin - Minna,253.6
Katsina - Sokoto,255.1
Maiduguri - Yola,300.8
Bauchi - Yola,315.7
Bauchi - Maiduguri,398.2
Minna - Sokoto,403.3
Yola - Makurdi,464.8
